{
  "project_info": {
    "project_number": "836277965552",
    "firebase_url": "https://corona-city-c3453.firebaseio.com",
    "project_id": "corona-city-c3453",
    "storage_bucket": "corona-city-c3453.appspot.com"
  },
  "client": [
    {
      "client_info": {
        "mobilesdk_app_id": "1:836277965552:android:770b4cfb0ab7429c9ee835",
        "android_client_info": {
          "package_name": "com.tauk.coronacitydataapp"
        }
      },
      "oauth_client": [
        {
          "client_id": "836277965552-83rmspd7i6ah74t1gj7d0jcsogns5v30.apps.googleusercontent.com",
          "client_type": 3
        }
      ],
      "api_key": [
        {
          "current_key": "AIzaSyBGw6gI5alR153-ogxLgYmffmrDp7HjCYM"
        }
      ],
      "services": {
        "appinvite_service": {
          "other_platform_oauth_client": [
            {
              "client_id": "836277965552-83rmspd7i6ah74t1gj7d0jcsogns5v30.apps.googleusercontent.com",
              "client_type": 3
            }
          ]
        }
      }
    }
  ],
  "configuration_version": "1"
}